{"report": "              precision    recall  f1-score   support\n\n     class_0       0.95      1.00      0.97        19\n     class_1       1.00      0.95      0.98        21\n     class_2       1.00      1.00      1.00        14\n\n    accuracy                           0.98        54\n   macro avg       0.98      0.98      0.98        54\nweighted avg       0.98      0.98      0.98        54\n", "ConfusionMatric": [[19, 0, 0], [1, 20, 0], [0, 0, 14]], "_timestamp": 1684705089.562525, "_runtime": 4.334890127182007, "_step": 0, "_wandb": {"runtime": 3}}